category,player,stat,official
receiving,Ja'Marr Chase,receptions,127
receiving,Ja'Marr Chase,receiving_yards,1708
receiving,Ja'Marr Chase,receiving_tds,17
receiving,Ja'Marr Chase,targets,175
receiving,Amon-Ra St. Brown,receptions,115
receiving,Amon-Ra St. Brown,receiving_yards,1263
receiving,Amon-Ra St. Brown,receiving_tds,12
receiving,Amon-Ra St. Brown,targets,141
receiving,Brock Bowers,receptions,112
receiving,Brock Bowers,receiving_yards,1194
receiving,Brock Bowers,receiving_tds,5
receiving,Brock Bowers,targets,153
receiving,Trey McBride,receptions,111
receiving,Trey McBride,receiving_yards,1146
receiving,Trey McBride,receiving_tds,2
receiving,Trey McBride,targets,147
receiving,Malik Nabers,receptions,109
receiving,Malik Nabers,receiving_yards,1204
receiving,Malik Nabers,receiving_tds,7
receiving,Malik Nabers,targets,170
receiving,Justin Jefferson,receptions,103
receiving,Justin Jefferson,receiving_yards,1533
receiving,Justin Jefferson,receiving_tds,10
receiving,Justin Jefferson,targets,154
receiving,CeeDee Lamb,receptions,101
receiving,CeeDee Lamb,receiving_yards,1194
receiving,CeeDee Lamb,receiving_tds,6
receiving,CeeDee Lamb,targets,152
receiving,Garrett Wilson,receptions,101
receiving,Garrett Wilson,receiving_yards,1104
receiving,Garrett Wilson,receiving_tds,7
receiving,Garrett Wilson,targets,154
receiving,Drake London,receptions,100
receiving,Drake London,receiving_yards,1271
receiving,Drake London,receiving_tds,9
receiving,Drake London,targets,158
receiving,Jaxon Smith-Njigba,receptions,100
receiving,Jaxon Smith-Njigba,receiving_yards,1130
receiving,Jaxon Smith-Njigba,receiving_tds,6
receiving,Jaxon Smith-Njigba,targets,137
receiving,DJ Moore,receptions,98
receiving,DJ Moore,receiving_yards,966
receiving,DJ Moore,receiving_tds,6
receiving,DJ Moore,targets,140
receiving,Travis Kelce,receptions,97
receiving,Travis Kelce,receiving_yards,823
receiving,Travis Kelce,receiving_tds,3
receiving,Travis Kelce,targets,133
receiving,Wan'Dale Robinson,receptions,93
receiving,Wan'Dale Robinson,receiving_yards,699
receiving,Wan'Dale Robinson,receiving_tds,3
receiving,Wan'Dale Robinson,targets,140
receiving,Jerry Jeudy,receptions,90
receiving,Jerry Jeudy,receiving_yards,1229
receiving,Jerry Jeudy,receiving_tds,4
receiving,Jerry Jeudy,targets,145
receiving,Jonnu Smith,receptions,88
receiving,Jonnu Smith,receiving_yards,884
receiving,Jonnu Smith,receiving_tds,8
receiving,Jonnu Smith,targets,111
receiving,Jakobi Meyers,receptions,87
receiving,Jakobi Meyers,receiving_yards,1027
receiving,Jakobi Meyers,receiving_tds,4
receiving,Jakobi Meyers,targets,129
receiving,Brian Thomas Jr.,receptions,87
receiving,Brian Thomas Jr.,receiving_yards,1282
receiving,Brian Thomas Jr.,receiving_tds,10
receiving,Brian Thomas Jr.,targets,133
receiving,Davante Adams,receptions,85
receiving,Davante Adams,receiving_yards,1063
receiving,Davante Adams,receiving_tds,8
receiving,Davante Adams,targets,141
receiving,Ladd McConkey,receptions,82
receiving,Ladd McConkey,receiving_yards,1149
receiving,Ladd McConkey,receiving_tds,7
receiving,Ladd McConkey,targets,112
receiving,Terry McLaurin,receptions,82
receiving,Terry McLaurin,receiving_yards,1096
receiving,Terry McLaurin,receiving_tds,13
receiving,Terry McLaurin,targets,117
receiving,Tyreek Hill,receptions,81
receiving,Tyreek Hill,receiving_yards,959
receiving,Tyreek Hill,receiving_tds,6
receiving,Tyreek Hill,targets,123
receiving,Courtland Sutton,receptions,81
receiving,Courtland Sutton,receiving_yards,1081
receiving,Courtland Sutton,receiving_tds,8
receiving,Courtland Sutton,targets,135
receiving,Puka Nacua,receptions,79
receiving,Puka Nacua,receiving_yards,990
receiving,Puka Nacua,receiving_tds,3
receiving,Puka Nacua,targets,106
receiving,De'Von Achane,receptions,78
receiving,De'Von Achane,receiving_yards,592
receiving,De'Von Achane,receiving_tds,6
receiving,De'Von Achane,targets,87
receiving,George Kittle,receptions,78
receiving,George Kittle,receiving_yards,1106
receiving,George Kittle,receiving_tds,8
receiving,George Kittle,targets,94
rushing,Saquon Barkley,rushing_yards,2005
rushing,Saquon Barkley,carries,345
rushing,Saquon Barkley,rushing_tds,13
rushing,Derrick Henry,rushing_yards,1921
rushing,Derrick Henry,carries,325
rushing,Derrick Henry,rushing_tds,16
rushing,Bijan Robinson,rushing_yards,1456
rushing,Bijan Robinson,carries,304
rushing,Bijan Robinson,rushing_tds,14
rushing,Jonathan Taylor,rushing_yards,1431
rushing,Jonathan Taylor,carries,303
rushing,Jonathan Taylor,rushing_tds,11
rushing,Jahmyr Gibbs,rushing_yards,1412
rushing,Jahmyr Gibbs,carries,250
rushing,Jahmyr Gibbs,rushing_tds,16
rushing,Josh Jacobs,rushing_yards,1329
rushing,Josh Jacobs,carries,301
rushing,Josh Jacobs,rushing_tds,15
rushing,Kyren Williams,rushing_yards,1299
rushing,Kyren Williams,carries,316
rushing,Kyren Williams,rushing_tds,14
rushing,Chuba Hubbard,rushing_yards,1195
rushing,Chuba Hubbard,carries,250
rushing,Chuba Hubbard,rushing_tds,10
rushing,Aaron Jones,rushing_yards,1138
rushing,Aaron Jones,carries,255
rushing,Aaron Jones,rushing_tds,5
rushing,Bucky Irving,rushing_yards,1122
rushing,Bucky Irving,carries,207
rushing,Bucky Irving,rushing_tds,8
rushing,James Conner,rushing_yards,1094
rushing,James Conner,carries,236
rushing,James Conner,rushing_tds,8
rushing,Rico Dowdle,rushing_yards,1079
rushing,Rico Dowdle,carries,235
rushing,Rico Dowdle,rushing_tds,2
rushing,Tony Pollard,rushing_yards,1079
rushing,Tony Pollard,carries,260
rushing,Tony Pollard,rushing_tds,5
rushing,Najee Harris,rushing_yards,1043
rushing,Najee Harris,carries,263
rushing,Najee Harris,rushing_tds,6
rushing,Joe Mixon,rushing_yards,1016
rushing,Joe Mixon,carries,245
rushing,Joe Mixon,rushing_tds,11
rushing,James Cook,rushing_yards,1009
rushing,James Cook,carries,207
rushing,James Cook,rushing_tds,16
rushing,Chase Brown,rushing_yards,990
rushing,Chase Brown,carries,229
rushing,Chase Brown,rushing_tds,7
rushing,D'Andre Swift,rushing_yards,959
rushing,D'Andre Swift,carries,253
rushing,D'Andre Swift,rushing_tds,6
rushing,Alvin Kamara,rushing_yards,950
rushing,Alvin Kamara,carries,228
rushing,Alvin Kamara,rushing_tds,6
rushing,Lamar Jackson,rushing_yards,915
rushing,Lamar Jackson,carries,139
rushing,Lamar Jackson,rushing_tds,4
rushing,De'Von Achane,rushing_yards,907
rushing,De'Von Achane,carries,203
rushing,De'Von Achane,rushing_tds,6
rushing,J.K. Dobbins,rushing_yards,905
rushing,J.K. Dobbins,carries,195
rushing,J.K. Dobbins,rushing_tds,9
rushing,Jayden Daniels,rushing_yards,891
rushing,Jayden Daniels,carries,148
rushing,Jayden Daniels,rushing_tds,6
rushing,Breece Hall,rushing_yards,876
rushing,Breece Hall,carries,209
rushing,Breece Hall,rushing_tds,5
rushing,Tyrone Tracy Jr.,rushing_yards,839
rushing,Tyrone Tracy Jr.,carries,192
rushing,Tyrone Tracy Jr.,rushing_tds,5
passing,Joe Burrow,passing_yards,4918
passing,Joe Burrow,attempts,652
passing,Joe Burrow,completions,460
passing,Joe Burrow,passing_tds,43
passing,Joe Burrow,passing_interceptions,9
passing,Jared Goff,passing_yards,4629
passing,Jared Goff,attempts,539
passing,Jared Goff,completions,390
passing,Jared Goff,passing_tds,37
passing,Jared Goff,passing_interceptions,12
passing,Baker Mayfield,passing_yards,4500
passing,Baker Mayfield,attempts,570
passing,Baker Mayfield,completions,407
passing,Baker Mayfield,passing_tds,41
passing,Baker Mayfield,passing_interceptions,16
passing,Geno Smith,passing_yards,4320
passing,Geno Smith,attempts,578
passing,Geno Smith,completions,407
passing,Geno Smith,passing_tds,21
passing,Geno Smith,passing_interceptions,15
passing,Sam Darnold,passing_yards,4319
passing,Sam Darnold,attempts,545
passing,Sam Darnold,completions,361
passing,Sam Darnold,passing_tds,35
passing,Sam Darnold,passing_interceptions,12
passing,Lamar Jackson,passing_yards,4172
passing,Lamar Jackson,attempts,474
passing,Lamar Jackson,completions,316
passing,Lamar Jackson,passing_tds,41
passing,Lamar Jackson,passing_interceptions,4
passing,Patrick Mahomes,passing_yards,3928
passing,Patrick Mahomes,attempts,581
passing,Patrick Mahomes,completions,392
passing,Patrick Mahomes,passing_tds,26
passing,Patrick Mahomes,passing_interceptions,11
passing,Aaron Rodgers,passing_yards,3897
passing,Aaron Rodgers,attempts,584
passing,Aaron Rodgers,completions,368
passing,Aaron Rodgers,passing_tds,28
passing,Aaron Rodgers,passing_interceptions,11
passing,Justin Herbert,passing_yards,3870
passing,Justin Herbert,attempts,504
passing,Justin Herbert,completions,332
passing,Justin Herbert,passing_tds,23
passing,Justin Herbert,passing_interceptions,3
passing,Brock Purdy,passing_yards,3864
passing,Brock Purdy,attempts,455
passing,Brock Purdy,completions,300
passing,Brock Purdy,passing_tds,20
passing,Brock Purdy,passing_interceptions,12
passing,Kyler Murray,passing_yards,3851
passing,Kyler Murray,attempts,541
passing,Kyler Murray,completions,372
passing,Kyler Murray,passing_tds,21
passing,Kyler Murray,passing_interceptions,11
passing,Bo Nix,passing_yards,3775
passing,Bo Nix,attempts,567
passing,Bo Nix,completions,376
passing,Bo Nix,passing_tds,29
passing,Bo Nix,passing_interceptions,12
passing,Matthew Stafford,passing_yards,3762
passing,Matthew Stafford,attempts,517
passing,Matthew Stafford,completions,340
passing,Matthew Stafford,passing_tds,20
passing,Matthew Stafford,passing_interceptions,8
passing,Josh Allen,passing_yards,3731
passing,Josh Allen,attempts,483
passing,Josh Allen,completions,307
passing,Josh Allen,passing_tds,28
passing,Josh Allen,passing_interceptions,6
passing,C.J. Stroud,passing_yards,3727
passing,C.J. Stroud,attempts,532
passing,C.J. Stroud,completions,336
passing,C.J. Stroud,passing_tds,20
passing,C.J. Stroud,passing_interceptions,12
passing,Jayden Daniels,passing_yards,3568
passing,Jayden Daniels,attempts,480
passing,Jayden Daniels,completions,331
passing,Jayden Daniels,passing_tds,25
passing,Jayden Daniels,passing_interceptions,9
passing,Caleb Williams,passing_yards,3541
passing,Caleb Williams,attempts,562
passing,Caleb Williams,completions,351
passing,Caleb Williams,passing_tds,20
passing,Caleb Williams,passing_interceptions,6
passing,Kirk Cousins,passing_yards,3508
passing,Kirk Cousins,attempts,453
passing,Kirk Cousins,completions,303
passing,Kirk Cousins,passing_tds,18
passing,Kirk Cousins,passing_interceptions,16
passing,Jordan Love,passing_yards,3389
passing,Jordan Love,attempts,425
passing,Jordan Love,completions,268
passing,Jordan Love,passing_tds,25
passing,Jordan Love,passing_interceptions,11
passing,Jalen Hurts,passing_yards,2903
passing,Jalen Hurts,attempts,361
passing,Jalen Hurts,completions,248
passing,Jalen Hurts,passing_tds,18
passing,Jalen Hurts,passing_interceptions,5
passing,Tua Tagovailoa,passing_yards,2867
passing,Tua Tagovailoa,attempts,399
passing,Tua Tagovailoa,completions,291
passing,Tua Tagovailoa,passing_tds,19
passing,Tua Tagovailoa,passing_interceptions,7
passing,Russell Wilson,passing_yards,2482
passing,Russell Wilson,attempts,336
passing,Russell Wilson,completions,214
passing,Russell Wilson,passing_tds,16
passing,Russell Wilson,passing_interceptions,5
passing,Bryce Young,passing_yards,2403
passing,Bryce Young,attempts,384
passing,Bryce Young,completions,234
passing,Bryce Young,passing_tds,15
passing,Bryce Young,passing_interceptions,9
passing,Drake Maye,passing_yards,2276
passing,Drake Maye,attempts,338
passing,Drake Maye,completions,225
passing,Drake Maye,passing_tds,15
passing,Drake Maye,passing_interceptions,10
passing,Derek Carr,passing_yards,2145
passing,Derek Carr,attempts,279
passing,Derek Carr,completions,189
passing,Derek Carr,passing_tds,15
passing,Derek Carr,passing_interceptions,5
